citire_date_personale,2025/05/24 13:23:27
citire_date_personale,2025/05/24 13:23:36
modificare_date_personale,2025/05/24 13:23:43
stergere_date_personale,2025/05/24 13:23:50
citire_date_personale,2025/05/24 13:26:47
creare_date_personale,2025/05/24 13:27:06
citire_produse_cos,2025/05/24 13:27:12
adaugare_produs_cos,2025/05/24 13:27:14
citire_produse_cos,2025/05/24 13:27:14
citire_produse_cos,2025/05/24 13:27:16
citire_produse_cos,2025/05/24 13:27:20
adaugare_produs_cos,2025/05/24 13:27:22
citire_produse_cos,2025/05/24 13:27:22
citire_date_personale,2025/05/24 13:27:47
citire_produse_cos,2025/05/24 13:27:49
adaugare_produs_cos,2025/05/24 13:27:51
citire_produse_cos,2025/05/24 13:27:51
citire_produse_cos,2025/05/24 13:28:29
citire_produse_cos,2025/05/24 13:28:32
citire_date_personale,2025/05/24 13:30:17
citire_produse_cos,2025/05/24 13:30:19
citire_produse_cos,2025/05/24 13:30:22
adaugare_produs_cos,2025/05/24 13:30:24
citire_produse_cos,2025/05/24 13:30:24
citire_produse_cos,2025/05/24 13:30:42
citire_restaurant_cos,2025/05/24 13:30:42
citire_produse_cos,2025/05/24 13:30:42
citire_produse_cos,2025/05/24 13:30:45
citire_restaurant_cos,2025/05/24 13:30:45
citire_produse_cos,2025/05/24 13:30:45
citire_carduri,2025/05/24 13:30:47
citire_produse_cos,2025/05/24 13:30:48
stergere_produse_cos,2025/05/24 13:30:48
